<annotation>
	<folder>mask</folder>
	<filename>hz059.png</filename>
	<path>C:/Users/admin/Desktop/Bijie_landslide_dataset/Bijie-landslide-dataset/landslide/image/hz059.png</path>
	<source>
		<database>Unknown</database>
	</source>
	<size>
		<width>136</width>
		<height>139</height>
		<depth>3</depth>
	</size>
	<segmented>0</segmented>
	<object>
		<name>landslide</name>
		<pose>Unspecified</pose>
		<truncated>0</truncated>
		<difficult>0</difficult>
		<bndbox>
			<xmin>38</xmin>
			<ymin>38</ymin>
			<xmax>95</xmax>
			<ymax>99</ymax>
		</bndbox>
	</object>
</annotation>