<annotation>
	<folder>mask</folder>
	<filename>hz086.png</filename>
	<path>C:/Users/admin/Desktop/Bijie_landslide_dataset/Bijie-landslide-dataset/landslide/image/hz086.png</path>
	<source>
		<database>Unknown</database>
	</source>
	<size>
		<width>347</width>
		<height>375</height>
		<depth>3</depth>
	</size>
	<segmented>0</segmented>
	<object>
		<name>landslide</name>
		<pose>Unspecified</pose>
		<truncated>0</truncated>
		<difficult>0</difficult>
		<bndbox>
			<xmin>48</xmin>
			<ymin>48</ymin>
			<xmax>297</xmax>
			<ymax>325</ymax>
		</bndbox>
	</object>
</annotation>