<annotation>
	<folder>mask</folder>
	<filename>ny002.png</filename>
	<path>C:/Users/admin/Desktop/Bijie_landslide_dataset/Bijie-landslide-dataset/landslide/image/ny002.png</path>
	<source>
		<database>Unknown</database>
	</source>
	<size>
		<width>270</width>
		<height>271</height>
		<depth>3</depth>
	</size>
	<segmented>0</segmented>
	<object>
		<name>landslide</name>
		<pose>Unspecified</pose>
		<truncated>0</truncated>
		<difficult>0</difficult>
		<bndbox>
			<xmin>78</xmin>
			<ymin>78</ymin>
			<xmax>190</xmax>
			<ymax>190</ymax>
		</bndbox>
	</object>
</annotation>