<annotation>
	<folder>mask</folder>
	<filename>ny055.png</filename>
	<path>C:/Users/admin/Desktop/Bijie_landslide_dataset/Bijie-landslide-dataset/landslide/image/ny055.png</path>
	<source>
		<database>Unknown</database>
	</source>
	<size>
		<width>86</width>
		<height>111</height>
		<depth>3</depth>
	</size>
	<segmented>0</segmented>
	<object>
		<name>landslide</name>
		<pose>Unspecified</pose>
		<truncated>0</truncated>
		<difficult>0</difficult>
		<bndbox>
			<xmin>25</xmin>
			<ymin>25</ymin>
			<xmax>59</xmax>
			<ymax>84</ymax>
		</bndbox>
	</object>
</annotation>