<annotation>
	<folder>mask</folder>
	<filename>qx122.png</filename>
	<path>C:/Users/admin/Desktop/Bijie_landslide_dataset/Bijie-landslide-dataset/landslide/image/qx122.png</path>
	<source>
		<database>Unknown</database>
	</source>
	<size>
		<width>225</width>
		<height>167</height>
		<depth>3</depth>
	</size>
	<segmented>0</segmented>
	<object>
		<name>landslide</name>
		<pose>Unspecified</pose>
		<truncated>0</truncated>
		<difficult>0</difficult>
		<bndbox>
			<xmin>25</xmin>
			<ymin>25</ymin>
			<xmax>198</xmax>
			<ymax>140</ymax>
		</bndbox>
	</object>
</annotation>