<annotation>
	<folder>mask</folder>
	<filename>qx168.png</filename>
	<path>C:/Users/admin/Desktop/Bijie_landslide_dataset/Bijie-landslide-dataset/landslide/image/qx168.png</path>
	<source>
		<database>Unknown</database>
	</source>
	<size>
		<width>229</width>
		<height>221</height>
		<depth>3</depth>
	</size>
	<segmented>0</segmented>
	<object>
		<name>landslide</name>
		<pose>Unspecified</pose>
		<truncated>0</truncated>
		<difficult>0</difficult>
		<bndbox>
			<xmin>78</xmin>
			<ymin>78</ymin>
			<xmax>149</xmax>
			<ymax>141</ymax>
		</bndbox>
	</object>
</annotation>