<annotation>
	<folder>images</folder>
	<filename>1.jpg</filename>
	<path>D:\2code\Data\test_256\images\1.jpg</path>
	<source>
		<database>Unknown</database>
	</source>
	<size>
		<width>512</width>
		<height>512</height>
		<depth>3</depth>
	</size>
	<segmented>0</segmented>
	<object>
		<name>landslide</name>
		<pose>Unspecified</pose>
		<truncated>0</truncated>
		<difficult>0</difficult>
		<bndbox>
			<xmin>287</xmin>
			<ymin>199</ymin>
			<xmax>407</xmax>
			<ymax>279</ymax>
		</bndbox>
	</object>
	<object>
		<name>landslide</name>
		<pose>Unspecified</pose>
		<truncated>1</truncated>
		<difficult>0</difficult>
		<bndbox>
			<xmin>376</xmin>
			<ymin>129</ymin>
			<xmax>512</xmax>
			<ymax>273</ymax>
		</bndbox>
	</object>
</annotation>
