<annotation>
	<folder>images</folder>
	<filename>115.jpg</filename>
	<path>D:\2code\Data\test_256\images\115.jpg</path>
	<source>
		<database>Unknown</database>
	</source>
	<size>
		<width>512</width>
		<height>512</height>
		<depth>3</depth>
	</size>
	<segmented>0</segmented>
	<object>
		<name>landslide</name>
		<pose>Unspecified</pose>
		<truncated>0</truncated>
		<difficult>0</difficult>
		<bndbox>
			<xmin>172</xmin>
			<ymin>135</ymin>
			<xmax>225</xmax>
			<ymax>198</ymax>
		</bndbox>
	</object>
	<object>
		<name>landslide</name>
		<pose>Unspecified</pose>
		<truncated>0</truncated>
		<difficult>0</difficult>
		<bndbox>
			<xmin>134</xmin>
			<ymin>219</ymin>
			<xmax>170</xmax>
			<ymax>264</ymax>
		</bndbox>
	</object>
</annotation>
