<annotation>
	<folder>images</folder>
	<filename>158.jpg</filename>
	<path>D:\2code\Data\test_256\images\158.jpg</path>
	<source>
		<database>Unknown</database>
	</source>
	<size>
		<width>512</width>
		<height>512</height>
		<depth>3</depth>
	</size>
	<segmented>0</segmented>
	<object>
		<name>landslide</name>
		<pose>Unspecified</pose>
		<truncated>0</truncated>
		<difficult>0</difficult>
		<bndbox>
			<xmin>197</xmin>
			<ymin>204</ymin>
			<xmax>304</xmax>
			<ymax>331</ymax>
		</bndbox>
	</object>
</annotation>
