<annotation>
	<folder>images</folder>
	<filename>174.jpg</filename>
	<path>D:\2code\Data\test_256\images\174.jpg</path>
	<source>
		<database>Unknown</database>
	</source>
	<size>
		<width>512</width>
		<height>512</height>
		<depth>3</depth>
	</size>
	<segmented>0</segmented>
	<object>
		<name>landslide</name>
		<pose>Unspecified</pose>
		<truncated>0</truncated>
		<difficult>0</difficult>
		<bndbox>
			<xmin>72</xmin>
			<ymin>25</ymin>
			<xmax>182</xmax>
			<ymax>154</ymax>
		</bndbox>
	</object>
	<object>
		<name>landslide</name>
		<pose>Unspecified</pose>
		<truncated>0</truncated>
		<difficult>0</difficult>
		<bndbox>
			<xmin>230</xmin>
			<ymin>199</ymin>
			<xmax>289</xmax>
			<ymax>299</ymax>
		</bndbox>
	</object>
</annotation>
