<annotation>
	<folder>images</folder>
	<filename>185.jpg</filename>
	<path>D:\2code\Data\test_256\images\185.jpg</path>
	<source>
		<database>Unknown</database>
	</source>
	<size>
		<width>512</width>
		<height>512</height>
		<depth>3</depth>
	</size>
	<segmented>0</segmented>
	<object>
		<name>landslide</name>
		<pose>Unspecified</pose>
		<truncated>0</truncated>
		<difficult>0</difficult>
		<bndbox>
			<xmin>62</xmin>
			<ymin>302</ymin>
			<xmax>139</xmax>
			<ymax>372</ymax>
		</bndbox>
	</object>
	<object>
		<name>landslide</name>
		<pose>Unspecified</pose>
		<truncated>0</truncated>
		<difficult>0</difficult>
		<bndbox>
			<xmin>212</xmin>
			<ymin>225</ymin>
			<xmax>313</xmax>
			<ymax>287</ymax>
		</bndbox>
	</object>
</annotation>
