<annotation>
	<folder>images</folder>
	<filename>223.jpg</filename>
	<path>D:\2code\Data\test_256\images\223.jpg</path>
	<source>
		<database>Unknown</database>
	</source>
	<size>
		<width>512</width>
		<height>512</height>
		<depth>3</depth>
	</size>
	<segmented>0</segmented>
	<object>
		<name>landslide</name>
		<pose>Unspecified</pose>
		<truncated>0</truncated>
		<difficult>0</difficult>
		<bndbox>
			<xmin>189</xmin>
			<ymin>195</ymin>
			<xmax>259</xmax>
			<ymax>296</ymax>
		</bndbox>
	</object>
	<object>
		<name>landslide</name>
		<pose>Unspecified</pose>
		<truncated>0</truncated>
		<difficult>0</difficult>
		<bndbox>
			<xmin>184</xmin>
			<ymin>423</ymin>
			<xmax>246</xmax>
			<ymax>509</ymax>
		</bndbox>
	</object>
</annotation>
