<annotation>
	<folder>images</folder>
	<filename>246.jpg</filename>
	<path>D:\2code\Data\test_256\images\246.jpg</path>
	<source>
		<database>Unknown</database>
	</source>
	<size>
		<width>512</width>
		<height>512</height>
		<depth>3</depth>
	</size>
	<segmented>0</segmented>
	<object>
		<name>landslide</name>
		<pose>Unspecified</pose>
		<truncated>0</truncated>
		<difficult>0</difficult>
		<bndbox>
			<xmin>169</xmin>
			<ymin>234</ymin>
			<xmax>308</xmax>
			<ymax>405</ymax>
		</bndbox>
	</object>
	<object>
		<name>landslide</name>
		<pose>Unspecified</pose>
		<truncated>0</truncated>
		<difficult>0</difficult>
		<bndbox>
			<xmin>184</xmin>
			<ymin>2</ymin>
			<xmax>508</xmax>
			<ymax>509</ymax>
		</bndbox>
	</object>
</annotation>
