<annotation>
	<folder>images</folder>
	<filename>yx1.jpg</filename>
	<path>D:\2code\Data\test\images\yx1.jpg</path>
	<source>
		<database>Unknown</database>
	</source>
	<size>
		<width>236</width>
		<height>252</height>
		<depth>3</depth>
	</size>
	<segmented>0</segmented>
	<object>
		<name>landslide</name>
		<pose>Unspecified</pose>
		<truncated>0</truncated>
		<difficult>0</difficult>
		<bndbox>
			<xmin>33</xmin>
			<ymin>17</ymin>
			<xmax>208</xmax>
			<ymax>243</ymax>
		</bndbox>
	</object>
</annotation>
