<annotation>
	<folder>images</folder>
	<filename>yx2.jpg</filename>
	<path>D:\2code\Data\test\images\yx2.jpg</path>
	<source>
		<database>Unknown</database>
	</source>
	<size>
		<width>197</width>
		<height>196</height>
		<depth>3</depth>
	</size>
	<segmented>0</segmented>
	<object>
		<name>landslide</name>
		<pose>Unspecified</pose>
		<truncated>0</truncated>
		<difficult>0</difficult>
		<bndbox>
			<xmin>22</xmin>
			<ymin>23</ymin>
			<xmax>143</xmax>
			<ymax>191</ymax>
		</bndbox>
	</object>
</annotation>
