<annotation>
	<folder>images</folder>
	<filename>yx6.jpg</filename>
	<path>D:\2code\Data\test\images\yx6.jpg</path>
	<source>
		<database>Unknown</database>
	</source>
	<size>
		<width>309</width>
		<height>328</height>
		<depth>3</depth>
	</size>
	<segmented>0</segmented>
	<object>
		<name>landslide</name>
		<pose>Unspecified</pose>
		<truncated>0</truncated>
		<difficult>0</difficult>
		<bndbox>
			<xmin>36</xmin>
			<ymin>98</ymin>
			<xmax>270</xmax>
			<ymax>325</ymax>
		</bndbox>
	</object>
	<object>
		<name>landslide</name>
		<pose>Unspecified</pose>
		<truncated>1</truncated>
		<difficult>0</difficult>
		<bndbox>
			<xmin>1</xmin>
			<ymin>191</ymin>
			<xmax>106</xmax>
			<ymax>323</ymax>
		</bndbox>
	</object>
</annotation>
