<annotation>
	<folder>images</folder>
	<filename>yx8.jpg</filename>
	<path>D:\2code\Data\test\images\yx8.jpg</path>
	<source>
		<database>Unknown</database>
	</source>
	<size>
		<width>397</width>
		<height>384</height>
		<depth>3</depth>
	</size>
	<segmented>0</segmented>
	<object>
		<name>landslide</name>
		<pose>Unspecified</pose>
		<truncated>0</truncated>
		<difficult>0</difficult>
		<bndbox>
			<xmin>104</xmin>
			<ymin>79</ymin>
			<xmax>289</xmax>
			<ymax>280</ymax>
		</bndbox>
	</object>
</annotation>
