<annotation>
	<folder>images</folder>
	<filename>yx52.jpg</filename>
	<path>D:\2code\Data\test\images\yx52.jpg</path>
	<source>
		<database>Unknown</database>
	</source>
	<size>
		<width>340</width>
		<height>358</height>
		<depth>3</depth>
	</size>
	<segmented>0</segmented>
	<object>
		<name>landslide</name>
		<pose>Unspecified</pose>
		<truncated>0</truncated>
		<difficult>0</difficult>
		<bndbox>
			<xmin>194</xmin>
			<ymin>93</ymin>
			<xmax>314</xmax>
			<ymax>221</ymax>
		</bndbox>
	</object>
</annotation>
