<annotation>
	<folder>images</folder>
	<filename>yx76.jpg</filename>
	<path>D:\2code\Data\test\images\yx76.jpg</path>
	<source>
		<database>Unknown</database>
	</source>
	<size>
		<width>256</width>
		<height>256</height>
		<depth>3</depth>
	</size>
	<segmented>0</segmented>
	<object>
		<name>landslide</name>
		<pose>Unspecified</pose>
		<truncated>0</truncated>
		<difficult>0</difficult>
		<bndbox>
			<xmin>108</xmin>
			<ymin>87</ymin>
			<xmax>253</xmax>
			<ymax>255</ymax>
		</bndbox>
	</object>
</annotation>
