<annotation>
	<folder>images</folder>
	<filename>yx77.jpg</filename>
	<path>D:\2code\Data\test\images\yx77.jpg</path>
	<source>
		<database>Unknown</database>
	</source>
	<size>
		<width>256</width>
		<height>256</height>
		<depth>3</depth>
	</size>
	<segmented>0</segmented>
	<object>
		<name>landslide</name>
		<pose>Unspecified</pose>
		<truncated>1</truncated>
		<difficult>0</difficult>
		<bndbox>
			<xmin>169</xmin>
			<ymin>28</ymin>
			<xmax>256</xmax>
			<ymax>121</ymax>
		</bndbox>
	</object>
</annotation>
