<annotation>
	<folder>images</folder>
	<filename>29.jpg</filename>
	<path>D:\2code\Data\test_256\images\29.jpg</path>
	<source>
		<database>Unknown</database>
	</source>
	<size>
		<width>512</width>
		<height>512</height>
		<depth>3</depth>
	</size>
	<segmented>0</segmented>
	<object>
		<name>landslide</name>
		<pose>Unspecified</pose>
		<truncated>0</truncated>
		<difficult>0</difficult>
		<bndbox>
			<xmin>187</xmin>
			<ymin>255</ymin>
			<xmax>422</xmax>
			<ymax>459</ymax>
		</bndbox>
	</object>
	<object>
		<name>landslide</name>
		<pose>Unspecified</pose>
		<truncated>0</truncated>
		<difficult>0</difficult>
		<bndbox>
			<xmin>2</xmin>
			<ymin>294</ymin>
			<xmax>65</xmax>
			<ymax>449</ymax>
		</bndbox>
	</object>
</annotation>
