<annotation>
	<folder>images</folder>
	<filename>yx97.jpg</filename>
	<path>D:\2code\Data\test\images\yx97.jpg</path>
	<source>
		<database>Unknown</database>
	</source>
	<size>
		<width>256</width>
		<height>256</height>
		<depth>3</depth>
	</size>
	<segmented>0</segmented>
	<object>
		<name>landslide</name>
		<pose>Unspecified</pose>
		<truncated>0</truncated>
		<difficult>0</difficult>
		<bndbox>
			<xmin>112</xmin>
			<ymin>3</ymin>
			<xmax>248</xmax>
			<ymax>165</ymax>
		</bndbox>
	</object>
</annotation>
