<annotation>
	<folder>images</folder>
	<filename>41.jpg</filename>
	<path>D:\2code\Data\test_256\images\41.jpg</path>
	<source>
		<database>Unknown</database>
	</source>
	<size>
		<width>512</width>
		<height>512</height>
		<depth>3</depth>
	</size>
	<segmented>0</segmented>
	<object>
		<name>landslide</name>
		<pose>Unspecified</pose>
		<truncated>0</truncated>
		<difficult>0</difficult>
		<bndbox>
			<xmin>112</xmin>
			<ymin>352</ymin>
			<xmax>289</xmax>
			<ymax>440</ymax>
		</bndbox>
	</object>
	<object>
		<name>landslide</name>
		<pose>Unspecified</pose>
		<truncated>0</truncated>
		<difficult>0</difficult>
		<bndbox>
			<xmin>178</xmin>
			<ymin>2</ymin>
			<xmax>349</xmax>
			<ymax>195</ymax>
		</bndbox>
	</object>
</annotation>
