<annotation>
	<folder>images</folder>
	<filename>43.jpg</filename>
	<path>D:\2code\Data\test_256\images\43.jpg</path>
	<source>
		<database>Unknown</database>
	</source>
	<size>
		<width>512</width>
		<height>512</height>
		<depth>3</depth>
	</size>
	<segmented>0</segmented>
	<object>
		<name>landslide</name>
		<pose>Unspecified</pose>
		<truncated>0</truncated>
		<difficult>0</difficult>
		<bndbox>
			<xmin>367</xmin>
			<ymin>93</ymin>
			<xmax>509</xmax>
			<ymax>185</ymax>
		</bndbox>
	</object>
	<object>
		<name>landslide</name>
		<pose>Unspecified</pose>
		<truncated>0</truncated>
		<difficult>0</difficult>
		<bndbox>
			<xmin>222</xmin>
			<ymin>54</ymin>
			<xmax>282</xmax>
			<ymax>107</ymax>
		</bndbox>
	</object>
</annotation>
