<annotation>
	<folder>images</folder>
	<filename>47.jpg</filename>
	<path>D:\2code\Data\test_256\images\47.jpg</path>
	<source>
		<database>Unknown</database>
	</source>
	<size>
		<width>512</width>
		<height>512</height>
		<depth>3</depth>
	</size>
	<segmented>0</segmented>
	<object>
		<name>landslide</name>
		<pose>Unspecified</pose>
		<truncated>0</truncated>
		<difficult>0</difficult>
		<bndbox>
			<xmin>210</xmin>
			<ymin>265</ymin>
			<xmax>326</xmax>
			<ymax>409</ymax>
		</bndbox>
	</object>
	<object>
		<name>landslide</name>
		<pose>Unspecified</pose>
		<truncated>0</truncated>
		<difficult>0</difficult>
		<bndbox>
			<xmin>60</xmin>
			<ymin>299</ymin>
			<xmax>159</xmax>
			<ymax>360</ymax>
		</bndbox>
	</object>
</annotation>
