<annotation>
	<folder>images</folder>
	<filename>49.jpg</filename>
	<path>D:\2code\Data\test_256\images\49.jpg</path>
	<source>
		<database>Unknown</database>
	</source>
	<size>
		<width>512</width>
		<height>512</height>
		<depth>3</depth>
	</size>
	<segmented>0</segmented>
	<object>
		<name>landslide</name>
		<pose>Unspecified</pose>
		<truncated>0</truncated>
		<difficult>0</difficult>
		<bndbox>
			<xmin>217</xmin>
			<ymin>10</ymin>
			<xmax>326</xmax>
			<ymax>87</ymax>
		</bndbox>
	</object>
	<object>
		<name>landslide</name>
		<pose>Unspecified</pose>
		<truncated>0</truncated>
		<difficult>0</difficult>
		<bndbox>
			<xmin>376</xmin>
			<ymin>441</ymin>
			<xmax>475</xmax>
			<ymax>462</ymax>
		</bndbox>
	</object>
</annotation>
