<annotation>
	<folder>images</folder>
	<filename>50.jpg</filename>
	<path>D:\2code\Data\test_256\images\50.jpg</path>
	<source>
		<database>Unknown</database>
	</source>
	<size>
		<width>512</width>
		<height>512</height>
		<depth>3</depth>
	</size>
	<segmented>0</segmented>
	<object>
		<name>landslide</name>
		<pose>Unspecified</pose>
		<truncated>0</truncated>
		<difficult>0</difficult>
		<bndbox>
			<xmin>159</xmin>
			<ymin>342</ymin>
			<xmax>239</xmax>
			<ymax>436</ymax>
		</bndbox>
	</object>
	<object>
		<name>landslide</name>
		<pose>Unspecified</pose>
		<truncated>0</truncated>
		<difficult>0</difficult>
		<bndbox>
			<xmin>42</xmin>
			<ymin>269</ymin>
			<xmax>73</xmax>
			<ymax>322</ymax>
		</bndbox>
	</object>
</annotation>
